Roll,Name
0401CS01,Marsiella Gourlay
0401CS02,Opaline Cristofol
0401CS03,Tonya Merrigan
0401CS04,Jillian Andren
0401CS05,Isiahi Sleith
0401CS06,Wake Culpin
0401CS07,Audrye Puckett
0401CS08,Major Thorald
0401CS09,Chery Stephens
0401CS10,Dan Knights
0401CS11,Boycie Gillow
0401CS12,Farrah Lowe
0401CS13,Taite Hussy
0401CS14,Wallis Gohier
0401CS15,Janaye Jordi
0401CS16,Beau Sennett
0401CS17,Marcille Leyman
0401CS18,Gelya Lowther
0401CS19,Hakeem Maggiori
0401CS20,Corny Sheward
0401CS21,Alli Drohane
0401CS22,Orrin Spehr
0401CS23,Clementina Yellowlee
0401CS24,Parke Westraw
0401CS25,Sophia Delhanty
0401CS26,Randy Bilbie
0401CS27,Trude O'Kelly
0401CS28,Renie Mathie
0401CS29,Rennie Troucher
0401CS30,Gustavus Aubert
0401CS31,Sheeree Begin
0401CS32,Birgit Rillett
0401CS33,Arni Kenningham
0401CS34,Christoper Danilowicz
0401CS35,Sheffy Angerstein
0401CS36,Lyndsie Rosenblath
0401CS37,Christye Garry
0401CS38,Kyle Van Halle
0401CS39,Mordy Woodcroft
0401CS40,Tanya Fishlock
0401EE01,Ebenezer Foley
0401EE02,Vanessa Barkworth
0401EE04,Toni Burless
0401EE06,Thaddus Snookes
0401EE08,Dasi Glavis
0401EE10,Marita Pepon
0401EE11,Arlena Murrow
0401EE12,Gustavus Bowler
0401EE13,Eamon Grange
0401EE14,Mart Probets
0401EE15,Oby Pagnin
0401EE16,Spenser Rubee
0401EE17,Bertie Gillbard
0401EE18,Louisette Boggers
0401EE19,Selena McDell
0401EE20,Angil Heartfield
0401EE21,Robenia Garrity
0401EE22,Sheffy Rowswell
0401EE23,Brina Caddock
0401EE24,Jackquelin Luke
0401EE25,Selina Casini
0401EE26,Gwynne Fargher
0401EE29,Tracee Derl
0401EE30,Duffie Cockin
0401EE33,Verge Ondrasek
0401EE34,Naoma Winfrey
0401EE35,Rodd Tower
0401ME04,Arch Napoleone
0401ME05,Zacharie Bonhome
0401ME06,Prentiss Kilgrove
0401ME08,Essa Prangley
0401ME09,Alexandre Riseley
0401ME10,Oliviero Shury
0401ME11,Tanney Polak
0401ME12,Marjory Anyon
0401ME13,Jewelle Larchiere
0401ME14,Mendy Rushman
0401ME16,Sisile Rey
0401ME17,Kimble Edess
0401ME18,Lyell Boutwell
0401ME19,Hakeem Marcq
0401ME20,Collin Peare
0401ME21,Freddy Aukland
0401ME22,Fabiano Lennon
0401ME23,Juline Krout
0401ME27,Tomasina Macari
0401ME28,Gregory Rantoul
0401ME29,Ibrahim Bernardi
0401ME30,Nanine Layborn
0401ME32,Tilly Hoxey
0401ME33,Pebrook Hannaway
0401ME34,Orv Burrows
0501CS01,Nanine Bartlomiej
0501CS02,Lorette Crepel
0501CS03,Sal Ianni
0501CS04,Alida Epsley
0501CS05,Audrie Clyde
0501CS06,Kristien Gurys
0501CS07,Rosemonde Baugh
0501CS08,Ernie Boughton
0501CS09,Maisey Mirfield
0501CS10,Ulrica Esposito
0501CS11,Ceciley Fossord
0501CS12,Clementius Punt
0501CS13,Mikel Hupka
0501CS14,Alvy Chartres
0501CS15,Gamaliel Hentzeler
0501CS16,Shandeigh Mugglestone
0501CS17,Cullen Howsden
0501CS18,Valene Rakestraw
0501CS19,Jeno Pickance
0501CS20,Guillema Starrs
0501CS21,Carolee Burles
0501CS22,Rickie Turford
0501CS23,Letisha Maasz
0501CS24,Iggie Bouzek
0501CS25,Gannie Gallop
0501CS26,Ekaterina Cockhill
0501CS27,Doyle Gerber
0501CS28,Aliza Leveritt
0501CS29,Sibella Nevill
0501CS30,Ignacio Charters
0501CS31,Cecil Russell
0501CS32,Adelheid Warnes
0501CS33,Guillemette Rany
0501CS34,Moll Owbrick
0501CS35,Zebulon Writer
0501CS36,Myles Kuhlen
0501CS37,Sherlocke Hearfield
0501EE01,Aristotle Neubigin
0501EE02,Woodie Keedy
0501EE03,Lesli Fearnyough
0501EE04,Michele Ashlee
0501EE05,Corbin Trimble
0501EE06,Pietrek Pykett
0501EE07,Ad Twinbourne
0501EE08,Aguie Lombard
0501EE09,Starla Haversham
0501EE10,Drucill Bollin
0501EE11,Sarah Skeggs
0501EE12,Bernie Faraday
0501EE13,Ashly Keigher
0501EE14,Salaidh Scallon
0501EE15,Grange Romera
0501EE16,Hillyer Fruchon
0501EE17,Cordie Torpie
0501EE18,Liuka Galbraeth
0501EE19,Leia Mycroft
0501EE20,Gonzalo Bilsborrow
0501EE21,Alida Bassil
0501EE22,Tommy Lawles
0501EE23,Corry Bernocchi
0501EE24,Rogers Rubica
0501EE25,Amitie Plaschke
0501EE26,Corie Teodorski
0501EE28,Fionna McEllen
0501EE29,Rora Boog
0501EE30,Morganica Stanning
0501EE31,Ferrell Theuff
0501EE32,Dita Pohling
0501EE33,Cyb Knapton
0501EE34,Godfry Tirrell
0501EE35,Berky Kimble
0501EE36,Martha Sharples
0501ME01,Courtnay Stidson
0501ME02,Sharron Liquorish
0501ME03,Fanny Baly
0501ME04,Zechariah Farlam
0501ME05,Hynda Dodell
0501ME06,Cammy Jaan
0501ME07,Mikael Lound
0501ME09,Rowen Ogg
0501ME10,Sylvester Meakin
0501ME11,Sandye Kornel
0501ME12,Butch Jahns
0501ME13,Aleksandr Airth
0501ME14,Violette Blenkinship
0501ME15,Anastassia Savell
0501ME16,Lefty Fraschetti
0501ME17,Ailee Grief
0501ME18,Mireielle Davidsen
0501ME19,Jarrett Hambling
0501ME20,Colby Playfair
0501ME21,Katti Coulson
0501ME22,Quillan Alner
