roll,name
ANSWER,Deepti Shakya
1401ME61,Ellen Booth
1401CS40,Rachael Selby
1401EE17,Rowan Knott
1401ME10,Abdul Rowe
1401ME69,Henry Spencer
1401CS31,Livia Ianson
1401CS15,Charlize Driscoll
1401EE32,Danielle Ellison
1401CE04,Chadwick John
1401CS68,Gil Carter
1401CE61,Daphne Speed
1401ME80,Caydence Camden
1401ME83,Elijah Sloan
1401ME52,Madison Parsons
1401EE58,Gil Savage
1401EE56,Vicky Stubbs
1401ME07,Gemma Murray
1401CS63,Mark Cann
1401ME42,Sage Harvey
1401ME71,Barney Reynolds
1401CB51,Leslie Leigh
1401EE15,Roger Barrett
1401CS66,Kaylee Ranks
1401CS44,Barney Vass
1401CS14,David Goldsmith
1401EE27,Joseph Adams
1401EE36,Dakota Lewis
1401CS78,Violet Crawford
1401CE47,Molly Vinton
1401CE29,Noah Knott
1401ME11,Percy Verdon
1401ME45,Alexander Partridge
1401CB02,Lynn Jones
1401CB16,Ronald Owens
1401MM25,Daniel Reading
1401EE67,Sage Potts
1401CE25,Harriet Ward
1401CB37,Vera Rycroft
1401CS67,Daniel Norton
1401CS74,Ramon Fulton
1401ME76,Gina Thomas
1401EE20,Dorothy Cameron
1401EE53,David Allen
1401EE18,Alan Russell
1401CB35,Erica Underhill
1401MM04,Aiden Alldridge
1401ME06,Gabriel Henderson
1401EE68,Noah Vincent
1401CB19,Josephine Graham
1401EE04,Evelynn Howard
1401MM13,Tania Speed
1401CB05,Brad Snow
1401CE38,Wendy Healy
1401CS56,Luke Murphy
1401ME77,Denny Walker
1401CE06,Dalia Vaughn
1401CB31,Peter Brennan
1401ME39,Laila Robertson
1401CB11,Charlize Wright
1401CE13,Owen Thomas
1401EE10,Mandy Hooper
1401MM03,Ethan Robinson
1401CS10,Alice Harrison
1401ME32,Summer Stone
1401ME27,Gladys Mcgee
1401EE74,Jayden Thorpe
1401EE54,Aeris Waterson
1401CS02,Abdul Cobb
1401MM29,Roger Woods
1401CB08,Willow Rose
1401CE48,Nathan Skinner
1401EE31,Paula Whitmore
1401ME63,Matt Eastwood
1401CS80,Josh Nicholls
1401MM32,Estrella Locke
1401CS39,Kamila Weasley
1401ME14,Phillip Pope
1401CS54,Danny Vince
1401CS37,Dasha Bayliss
1401CS27,Greta Flanders
1401CE52,Isla Evans
1401MM15,Emma Neal
1401ME02,Peter Ross
1401CS29,Mike Benfield
1401CS24,Abdul Avery
1401CS58,Benny Harrington
1401EE25,Barney Tait
1401MM26,Paige Ulyatt
1401ME43,Bart Foxley
1401MM14,Sebastian Graves
1401EE07,Kate Moreno
1401EE08,Bryce Middleton
1401CE43,Shannon Graves
1401CS49,Hadley Hardwick
1401EE24,Danny Walsh
1401MM33,Freya Woodley
1401EE28,Harry Myatt
1401ME46,Ronald Curtis
1401CE49,Sadie Zaoui
1401EE79,Morgan Hope
1401MM38,Clarissa Forester
1401ME12,Jack Eagle
1401ME25,Elijah Dwyer
1401CS18,Greta Strong
1401EE75,Adalind Williams
1401EE77,Gemma Pickard
1401ME16,Daria Button
1401CB23,Maxwell York
1401CS13,Rocco Becker
1401ME82,Cynthia Spencer
1401CE37,Roger Patel
1401CS43,Harmony Sheldon
1401CS69,Carl Utterson
1401ME20,Mason Antcliff
1401CE30,Willow Neal
1401EE62,Crystal Gregory
1401CS45,Ruby Slater
1401EE70,Ally Thompson
1401CS57,Morgan Beal
1401CS04,John Lunt
1401MM07,Iris Higgs
1401CB44,Rick Gallacher
1401CE34,Kirsten Wills
1401CS36,Percy Pearce
1401CE17,Alexander Russell
1401CS52,Tony Miller
1401MM10,Ethan Armstrong
1401CS53,Vera Butler
1401CE18,Bart Hobson
1401EE55,Bristol Walsh
1401EE78,Alessandra Verdon
1401CS76,Lucas Nicolas
1401MM35,Lucas Doherty
1401CS03,Johnny Rogers
1401CS08,Rick Larkin
1401CS62,Tony Wilkinson
1401CS20,Enoch Cann
1401CS51,Anabelle Nicholls
1401EE12,Bob Yoman
1401CE57,Mark Rust
1401CB24,Jade Emmott
1401ME19,Wade Moore
1401CE05,Christy Ianson
1401CB32,Tiffany Bryson
1401MM08,Harmony Rowe
1401EE59,Karen Wright
1401MM09,Jaylene Ramsey
1401EE41,Norah Riley
1401CE09,Tony Gray
1401CE10,Javier Newman
1401CE39,Rita Taylor
1401EE57,Alessia Fulton
1401EE60,Barney Cobb
1401EE63,Jules Rainford
1401CE16,Andie Harrington
1401ME70,Matthew Griffiths
1401CE21,Davina Lakey
1401ME24,Johnathan Boden
1401CB13,Isabella Gallacher
1401CB01,Darlene Goodman
1401MM16,Melinda Gibson
1401CE26,Michelle Bailey
1401CS01,Cedrick Little
1401EE22,Ron Mills
1401CS19,Wade Nelson
1401EE40,Alex Edwards
1401CB07,Aurelia Quinnell
1401CE58,Abbey Purvis
1401CB04,Maddison Tobin
1401EE37,Bristol Quinton
1401CE32,Lindsay Exton
1401CS42,Alessandra Gordon
1401EE48,Tom Kelly
1401CB54,Aleksandra Mcleod
1401EE82,Aileen Hamilton
1401CS79,Oliver Walker
1401CB03,Clint Fenton
1401CS47,Harvey Giles
1401CE31,Kaylee Stevenson
1401CS30,Stephanie Emmott
1401CB42,Catherine Cork
1401CE59,Clarissa Little
1401EE30,Diane Warner
1401CB48,Mark Brock
1401EE45,Mara Donnelly
1401CB52,Erick Taylor
1401CS59,Bart Willis
1401CE46,Vicky Weldon
1401CE64,Boris Harrison
1401ME67,Sara Willis
1401CE27,Jacob Robertson
1401CS17,Eileen Rowan
1401CS16,Harvey Hudson
1401ME15,Belinda Franks
1401CS64,Kieth Graham
1401CB62,Valerie Simpson
1401CS60,Mark Connell
1401EE66,Boris Coll
1401CB58,Carl Noon
1401MM21,Margot Terry
1401ME34,Danny Allen
1401ME59,Karen Edley
1401ME33,Doug Lynn
1401MM37,Bethany Dobson
1401CB21,Sabina Hope
1401EE49,Johnny Quinn
1401MM28,Ramon Quinn
1401CE28,Isla Andrews
1401CB47,Destiny Moran
1401ME48,Noemi Rossi
1401CE50,Penelope Coleman
1401MM23,Danielle Clayton
1401ME64,Angelina Flack
1401ME40,Diane Yoman
1401CE66,Fred Oldfield
1401MM24,Peter Rodgers
1401EE42,Hayden Torres
1401CB53,Rufus Hopkinson
1401CS09,Joseph Walsh
1401CB20,Martin Speed
1401MM18,Gina Allington
1401ME41,Roger Grady
1401CB10,Erick John
1401ME47,Rufus Little
1401ME29,Georgia Weston
1401CE12,Jacob Franks
1401CB15,Meredith Morris
1401ME35,Margot Pope
1401CS32,Alexander Fenton
1401CB26,Ada Welsch
1401CE14,Barney Wellington
1401CS72,Roger Healy
1401EE23,Nathan Neal
1401CE40,Mike Allwood
1401CE53,Bob Tennant
1401EE05,Rick Gray
1401CB59,Skylar Devonport
1401ME78,Gabriel Underhill
1401CS34,Rosa Alcroft
1401ME36,George Grey
1401ME09,Peyton Ranks
1401CB57,Peter Gibson
1401CS28,Jennifer Jefferson
1401CS12,Luke Ross
1401CS21,Chad Olson
1401CS33,Vera Khan
1401CS06,Carrie Wood
1401ME53,Aileen Stone 
1401ME21,Daria Hunter
1401CS38,Logan Whatson
1401ME03,Paige Salt
1401ME72,Julian Stewart
1401EE81,Alan Atkinson
1401CB49,Rosa Miller
1401CB36,Carrie Lynch
1401EE13,Michael Tutton
1401CS41,Gabriel Blythe
1401ME18,Gwen Wilde
1401ME23,Goldie Hunt
1401MM11,Caleb Vince
1401ME79,Madison Pearson
1401CE56,Tyler Dann
1401ME30,Shannon Harrison
1401EE14,Harry Fall
1401CE63,Mavis Ventura
1401CB34,David Bloom
1401CB38,Janice Shaw
1401ME04,Cherish James
1401CB46,Luke Strong
1401EE65,Enoch Thomson
1401CS70,Penelope Willson
1401ME57,Johnny Miller
1401CB29,Alexander Stevenson
1401CE51,Chester Carter
1401ME60,Adela Funnell
1401ME13,Chester Bradshaw
1401EE43,Emerald Richardson
1401ME51,Alan Kelly
1401EE26,Livia Plant
1401ME56,Clint Davies
1401ME62,Judith Butler
1401CB14,Gil Woods
1401ME65,Sara Gray
1401CE42,Wade Clarkson
1401EE73,Daron Norris
1401CB22,Angelina Martin
1401ME50,Harriet Bell
1401CE55,Sylvia Lane
1401CB61,Mandy King
1401EE83,Benny Eddison
1401MM01,Thea Holmes
1401MM27,Carol Rainford
1401CB55,Elle Quinn
1401CB33,Brad Cann
1401CB50,Bart Oakley
1401ME66,Chuck Baxter
1401CE36,Ramon Wilson
1401CS26,Lucas Ebbs
1401CS61,Rick Morgan
1401CE03,Lara Lewis
1401ME54,Caleb Stevens
1401EE69,Gabriel Addison
1401MM34,Adela Adams
1401EE39,Paula Walton
1401CB18,Gwenyth Murray
1401ME74,Chad Dunbar
1401CB09,Mona Morris
1401EE46,Charlize Harvey
1401CS55,Alexia Calderwood
1401EE35,Marilyn Edwards
1401ME75,Johnathan Marshall
1401EE11,Angel Edmonds
1401EE51,Vera Knight
1401ME55,Chad Fenton
1401CE33,Alexander Mooney
1401CS22,Dani Corbett
1401CE23,Denny Wheeler
1401CS23,Susan Wood
1401ME38,Nicole Simmons
1401CS11,Abdul Noon
1401CE41,Nathan Plumb
1401EE44,Alan Hunter
1401CS65,Mark Redfern
1401CE45,Julius Davies
1401EE01,Jenna Brock
1401EE16,Barney Wade
1401CB45,Danny Doherty
1401EE64,Bryon Tyler
1401ME58,Phillip Khan
1401EE76,Joseph Walsh
1401EE06,John Lyon
1401ME44,Shelby Mills
1401EE33,Elena Redden
1401CB30,Ruby Robe
1401CB17,Freya Whittle
1401ME17,Julius Ashwell
1401CS71,Fiona Jones
1401CB06,Cecilia Ventura
1401CE60,Rachael Richardson
1401CE20,Payton Gilmore
1401CS73,Payton Adler
1401EE80,Martin Butler
1401EE61,Gil Stark
1401EE21,Aurelia Parker
1401EE38,Marie Hastings
1401CE35,Eden Hobbs
1401CS75,Stephanie Noon
1401ME81,Samara Evans
1401CE02,Andie Gilmore
1401ME26,Vera Thorne
1401CE62,Sofie Reese
1401EE34,Ramon Murray
1401MM19,Martin Aldridge
1401CE11,Henry Watt
1401EE29,Cedrick Reynolds
1401ME01,Mason Gibson
1401MM30,Nicholas Hogg
1401CS25,Valentina Parker
1401CB43,Nina Gilbert
1401CS77,Bryce Clifford
1401CS81,Alessandra Russell
1401CB56,Noah Truscott
1401CB41,Benjamin West
1401CB60,Rihanna Noach
1401CE65,Lexi Wilcox
1401CB39,Benny Dickson
1401CE24,Andie Stewart
1401CE22,Phillip Douglas
1401CB27,Gil Victor
1401CS46,Johnny Horton
1401CB28,Jacob Nicolas
1401CE07,Nicholas Graham
1401CS50,Iris Yard
1401ME31,Helen Matthews
1401ME05,Samantha Funnell
1401CS07,Alex Baldwin
1401EE09,Jacqueline Thomson
1401ME49,Kurt Ross
1401ME37,Dani Cooper
1401CS35,Deborah Casey
1401MM05,Havana Isaac
1401CS05,Carter Lloyd
1401CE15,Marjorie Hope
1401EE03,Sofia Skinner
1401ME28,William Mason
1401MM22,Bryce Wilde
1901CE69,Nick Clayton
1401EE19,Chris Lunt
1401CE19,Valentina Snell
1401CE01,Denny Whitmore
1401EE50,Caitlyn Yarwood
1401CB64,Nathan Ebbs
1401ME08,Alan Yarwood
